,FY 2019,FY 2020,FY 2021E,FY 2022E,FY 2023E,FY 2024E,FY 2025E
Cash Flow from Operations:,,,,,,,
Net Income before tax:,,,,,,,
Adjustments to Reconcile Net Income:,,,,,,,
Depreciation and amortization expense ,,,,,,,
Interest Expense,,,,,,,
Interest income ,,,,,,,
Profit on sale of investments ,,,,,,,
Expense on employee stock option scheme ,,,,,,,
Rent income ,,,,,,,
Gains/loss from Sale of Investments & Assets:,,,,,,,
Operating profit before working capital changes,,,,,,,
Changes in Operating Assets/Liabilities:,,,,,,,
Increase/(decrease) in trade payables ,,,,,,,
Decrease in current provisions ,,,,,,,
Increase/(decrease) in other current financial liabilities ,,,,,,,
Increase/(decrease) in other current liabilities ,,,,,,,
Increase in non-current provisions ,,,,,,,
Decrease in other non-current financial liabilities ,,,,,,,
(Increase)/decrease in trade receivables ,,,,,,,
Increase in inventories ,,,,,,,
(Increase)/Decrease in current investments ,,,,,,,
(Increase)/decrease in other non-current financial assets ,,,,,,,
Increase in other current assets ,,,,,,,
(Increase)/ decrease in other current financial assets ,,,,,,,
Total Changes in Operating Assets/Liabilities:,,,,,,,
Direct taxes paid,,,,,,,
Net cash flow from operating activities ,,,,,,,
Cash Flow from Investing:,,,,,,,
Proceeds from disposal of property plant and equipment ,,,,,,,
Realisation from FDs of IPO proceeds ,,,,,,,
Realisation from FDs of QIP proceeds ,,,,,,,
Interest received ,,,,,,,
Gain on sale of investments ,,,,,,,
Rent income received ,,,,,,,
Capital Expenditures,,,,,,,
QIP proceeds deposited in FDs ,,,,,,,
Net cash flow used in investing activities ,,,,,,,
Cash Flow from Financing:,,,,,,,
Proceeds from issue of QIP (net of expenses) ,,,,,,,
Proceeds from of exercise of share options ,,,,,,,
Proceeds from long term borrowings ,,,,,,,
Proceeds from short term borrowings ,,,,,,,
Proceeds from commercial papers ,,,,,,,
Proceeds of non convertible debentures ,,,,,,,
Repayment of long term borrowings ,,,,,,,
Repayment of short term borrowings ,,,,,,,
Repayment of commercial papers ,,,,,,,
Repayment of non convertible debentures ,,,,,,,
Payment of lease liability ,,,,,,,
Interest paid ,,,,,,,
Net Cash Used in Financing Activities:,,,,,,,
Net Change in Cash & Cash Equivalents:,,,,,,,
Beginning Cash & Cash Equivalents Balance:,,,,,,,
Ending Cash & Cash Equivalents Balance:,,,,,,,